delete from Reviews;
delete from Contracts;
delete from Supervisors;
delete from BidTasks;
delete from FreelancerSpecs;
delete from Freelancers;
delete from ContactMethods;
delete from PaymentMethods;
delete from Tasks;
delete from Customers;
delete from Specializations;
delete from Locations;

insert into Locations (lid, city, country) values (1, 'Shanghai', 'China');
insert into Locations (lid, city, country) values (2, 'Beijing', 'China');
insert into Locations (lid, city, country) values (3, 'Singapore', 'Singapore');
insert into Locations (lid, city, country) values (4, 'Kuala Lumpar', 'Malaysia');
insert into Locations (lid, city, country) values (5, 'Tokyo', 'Japan');
insert into Locations (lid, city, country) values (6, 'Washington DC', 'USA');
insert into Locations (lid, city, country) values (7, 'New York', 'USA');
insert into Locations (lid, city, country) values (8, 'San Francisco', 'USA');
insert into Locations (lid, city, country) values (9, 'London', 'UK');
insert into Locations (lid, city, country) values (10, 'Paris', 'France');

insert into Specializations (specid, difficultylevel, category) values (1, 9, 'Electrical Engineering');
insert into Specializations (specid, difficultylevel, category) values (2, 5, 'Design');
insert into Specializations (specid, difficultylevel, category) values (3, 8, 'Economics');
insert into Specializations (specid, difficultylevel, category) values (4, 8, 'Mathematics');
insert into Specializations (specid, difficultylevel, category) values (5, 5, 'Physics');
insert into Specializations (specid, difficultylevel, category) values (6, 9, 'Chemistry');
insert into Specializations (specid, difficultylevel, category) values (7, 1, 'Weight Lifting');
insert into Specializations (specid, difficultylevel, category) values (8, 6, 'Soccer');
insert into Specializations (specid, difficultylevel, category) values (9, 4, 'Performance Art');
insert into Specializations (specid, difficultylevel, category) values (10, 10, 'Database System');

insert into Customers (cname, firstname, lastname, gender, password) values ('Elisha', 'Yardley', 'Herculson', 'M', '1111');
insert into Customers (cname, firstname, lastname, gender, password) values ('Guilbert', 'Walt', 'Caldow', 'M', '1111');
insert into Customers (cname, firstname, lastname, gender, password) values ('Cad', 'Emmett', 'Tollemache', 'M', '1111');
insert into Customers (cname, firstname, lastname, gender, password) values ('Adey', 'Hortensia', 'Widdicombe', 'F', '1111');
insert into Customers (cname, firstname, lastname, gender, password) values ('Cchaddie', 'Myca', 'Jenteau', 'M', '1111');
insert into Customers (cname, firstname, lastname, gender, password) values ('Tris', 'Giusto', 'Loveard', 'M', '1111');
insert into Customers (cname, firstname, lastname, gender, password) values ('Rogerio', 'Farlee', 'Natt', 'M', '1111');
insert into Customers (cname, firstname, lastname, gender, password) values ('Anestassia', 'Marena', 'Agus', 'F', '1111');
insert into Customers (cname, firstname, lastname, gender, password) values ('Imojean', 'Samaria', 'Wabersinke', 'F', '1111');
insert into Customers (cname, firstname, lastname, gender, password) values ('Olympia', 'Lissy', 'Chilvers', 'F', '1111');

  insert into Tasks (tid, description, tdate, lid, specid, cname, address) values (1, 'walk pets', '2019-05-01', 3, 3, 'Cchaddie', 'Room123');
  insert into Tasks (tid, description, tdate, lid, specid, cname, address) values (2, 'wash clothes', '2019-04-22', 5, 7, 'Rogerio', 'Room091');
  insert into Tasks (tid, description, tdate, lid, specid, cname, address) values (3, 'do homework', '2019-04-23', 5, 6, 'Olympia', 'Sheares Hall');
  insert into Tasks (tid, description, tdate, lid, specid, cname, address) values (4, 'fix laundry machine', '2019-05-09', 4, 1, 'Rogerio', 'PGP');
  insert into Tasks (tid, description, tdate, lid, specid, cname, address) values (5, 'switch bulb', '2019-04-14', 5, 5, 'Olympia', 'this address');
  insert into Tasks (tid, description, tdate, lid, specid, cname, address) values (6, 'talk to me', '2019-05-07', 6, 4, 'Guibert', 'Block B');
  insert into Tasks (tid, description, tdate, lid, specid, cname, address) values (7, 'wash clothes', '2019-04-16', 9, 3, 'Anestassia', 'Sheares Hall');
  insert into Tasks (tid, description, tdate, lid, specid, cname, address) values (8, 'switch bulb', '2019-04-30', 10, 9, 'Adey', 'Room091');
  insert into Tasks (tid, description, tdate, lid, specid, cname, address) values (9, 'walk pets', '2019-04-22', 1, 10, 'Cad', 'Tembusu College');
  insert into Tasks (tid, description, tdate, lid, specid, cname, address) values (10, 'wash clothes', '2019-04-23', 10, 5, 'Cchaddie', 'this address');
  insert into Tasks (tid, description, tdate, lid, specid, cname, address) values (11, 'feed cat', '2019-04-27', 4, 2, 'Rogerio', 'Tembusu College');
  insert into Tasks (tid, description, tdate, lid, specid, cname, address) values (12, 'fix laundry machine', '2019-04-18', 1, 10, 'Adey', 'my home address');
  insert into Tasks (tid, description, tdate, lid, specid, cname, address) values (13, 'read to me', '2019-04-28', 5, 8, 'Olympia', 'Room123');
  insert into Tasks (tid, description, tdate, lid, specid, cname, address) values (14, 'do homework', '2019-05-08', 4, 1, 'Rogerio', 'Cinnamon College');
  insert into Tasks (tid, description, tdate, lid, specid, cname, address) values (15, 'do homework', '2019-05-04', 5, 10, 'Tris', 'Apartment 3');
  insert into Tasks (tid, description, tdate, lid, specid, cname, address) values (16, 'switch bulb', '2019-04-25', 6, 2, 'Anestassia', 'Tembusu College');
  insert into Tasks (tid, description, tdate, lid, specid, cname, address) values (17, 'talk to me', '2019-05-08', 4, 10, 'Anestassia', 'my home address');
  insert into Tasks (tid, description, tdate, lid, specid, cname, address) values (18, 'walk pets', '2019-04-18', 6, 9, 'Tris', 'Utown Res');
  insert into Tasks (tid, description, tdate, lid, specid, cname, address) values (19, 'walk pets', '2019-04-19', 7, 1, 'Cchaddie', 'Cinnamon College');
  insert into Tasks (tid, description, tdate, lid, specid, cname, address) values (20, 'talk to me', '2019-05-08', 8, 6, 'Tris', 'Apartment C');
  insert into Tasks (tid, description, tdate, lid, specid, cname, address) values (21, 'switch bulb', '2019-05-03', 10, 1, 'Elisha', 'my home address');
  insert into Tasks (tid, description, tdate, lid, specid, cname, address) values (22, 'do homework', '2019-04-21', 5, 3, 'Cad', 'my home address');
  insert into Tasks (tid, description, tdate, lid, specid, cname, address) values (23, 'do homework', '2019-04-21', 7, 1, 'Anestassia', 'my home address');
  insert into Tasks (tid, description, tdate, lid, specid, cname, address) values (24, 'switch bulb', '2019-05-02', 2, 10, 'Imojean', 'Apartment 3');
  insert into Tasks (tid, description, tdate, lid, specid, cname, address) values (25, 'feed cat', '2019-04-28', 5, 10, 'Olympia', 'this address');
  insert into Tasks (tid, description, tdate, lid, specid, cname, address) values (26, 'switch bulb', '2019-04-16', 3, 7, 'Adey', 'Cinnamon College');
  insert into Tasks (tid, description, tdate, lid, specid, cname, address) values (27, 'walk pets', '2019-05-04', 3, 1, 'Rogerio', 'Block B');
  insert into Tasks (tid, description, tdate, lid, specid, cname, address) values (28, 'wash clothes', '2019-05-06', 9, 3, 'Elisha', 'Room123');
  insert into Tasks (tid, description, tdate, lid, specid, cname, address) values (29, 'talk to me', '2019-04-21', 7, 3, 'Adey', 'Sheares Hall');
  insert into Tasks (tid, description, tdate, lid, specid, cname, address) values (30, 'walk pets', '2019-04-25', 7, 10, 'Imojean', 'PGP');

insert into PaymentMethods (cardnumber, expdate, currency, cname) values ('5212625659570136', '2022-06-29', 'IDR', 'Elisha');
insert into PaymentMethods (cardnumber, expdate, currency, cname) values ('6706570072816529', '2028-05-03', 'EGP', 'Cad');
insert into PaymentMethods (cardnumber, expdate, currency, cname) values ('6334696517162094519', '2022-02-06', 'CNY', 'Tris');
insert into PaymentMethods (cardnumber, expdate, currency, cname) values ('6380682755703396', '2023-10-23', 'USD', 'Rogerio');
insert into PaymentMethods (cardnumber, expdate, currency, cname) values ('4936633630265246', '2019-08-02', 'CNY', 'Anestassia');
insert into PaymentMethods (cardnumber, expdate, currency, cname) values ('201975996589966', '2028-04-07', 'EUR', 'Olympia');
insert into PaymentMethods (cardnumber, expdate, currency, cname) values ('6304975269129386', '2022-04-22', 'EUR', 'Elisha');
insert into PaymentMethods (cardnumber, expdate, currency, cname) values ('5100145260245353', '2028-09-07', 'KRW', 'Rogerio');

insert into Freelancers (fname, firstname, lastname, gender, password) values ('Chrotoem', 'Cory', 'Sessuns', 'M', '1111');
insert into Freelancers (fname, firstname, lastname, gender, password) values ('Garry', 'Aurthur', 'Gery', 'M', '1111');
insert into Freelancers (fname, firstname, lastname, gender, password) values ('Ame', 'Carmelle', 'Crimp', 'F', '1111');
insert into Freelancers (fname, firstname, lastname, gender, password) values ('Binni', 'Zita', 'Bianco', 'F', '1111');
insert into Freelancers (fname, firstname, lastname, gender, password) values ('Jere', 'Ernst', 'Beavon', 'M', '1111');
insert into Freelancers (fname, firstname, lastname, gender, password) values ('Gina', 'Aurora', 'Marsden', 'F', '1111');
insert into Freelancers (fname, firstname, lastname, gender, password) values ('Lynnett', 'Jeniffer', 'Duckering', 'F', '1111');
insert into Freelancers (fname, firstname, lastname, gender, password) values ('Albert', 'Brander', 'Farran', 'M', '1111');

insert into Supervisors (sname, firstname, lastname, gender, password) values
('Yichen Jiang','Yichen','Jiang','M','1111'),
('Luna Tao','Luna','Tao','F','1111'),
('Licheng Sun','Licheng','Sun','M','1111'),
('Haoyang Li','Haoyang', 'Li','M','1111');

insert into ContactMethods (name, phonenumber, areacode) values ('Garry', '8117877166', 26);
insert into ContactMethods (name, phonenumber, areacode) values ('Jere', '2089447416', 95);
insert into ContactMethods (name, phonenumber, areacode) values ('Gina', '9567802028', 46);
insert into ContactMethods (name, phonenumber, areacode) values ('Binni', '4675431045', 79);
insert into ContactMethods (name, phonenumber, areacode) values ('Lynnett', '5727970091', 5);
insert into ContactMethods (name, phonenumber, areacode) values ('Ame', '3223720175', 49);
insert into ContactMethods (name, phonenumber, areacode) values ('Elisha', '8965739246', 37);
insert into ContactMethods (name, phonenumber, areacode) values ('Elisha', '2971124999', 83);
insert into ContactMethods (name, phonenumber, areacode) values ('Olympia', '4345609153', 50);
insert into ContactMethods (name, phonenumber, areacode) values ('Imojean', '8666128066', 88);
insert into ContactMethods (name, phonenumber, areacode) values ('Rogerio', '3675637622', 63);
insert into ContactMethods (name, phonenumber, areacode) values ('Cad', '3499922976', 44);

insert into FreelancerSpecs (fname, specid) values ('Ame', 7);
insert into FreelancerSpecs (fname, specid) values ('Binni', 9);
insert into FreelancerSpecs (fname, specid) values ('Garry', 4);
insert into FreelancerSpecs (fname, specid) values ('Binni', 9);
insert into FreelancerSpecs (fname, specid) values ('Albert', 10);
insert into FreelancerSpecs (fname, specid) values ('Jere', 6);
insert into FreelancerSpecs (fname, specid) values ('Binni', 6);
insert into FreelancerSpecs (fname, specid) values ('Jere', 4);
insert into FreelancerSpecs (fname, specid) values ('Albert', 3);
insert into FreelancerSpecs (fname, specid) values ('Ame', 6);
insert into FreelancerSpecs (fname, specid) values ('Chrotoem', 4);
insert into FreelancerSpecs (fname, specid) values ('Lynnett', 6);
insert into FreelancerSpecs (fname, specid) values ('Lynnett', 5);
insert into FreelancerSpecs (fname, specid) values ('Gina', 7);
insert into FreelancerSpecs (fname, specid) values ('Jere', 8);
insert into FreelancerSpecs (fname, specid) values ('Albert', 6);
insert into FreelancerSpecs (fname, specid) values ('Lynnett', 9);
insert into FreelancerSpecs (fname, specid) values ('Gina', 5);
insert into FreelancerSpecs (fname, specid) values ('Lynnett', 4);
insert into FreelancerSpecs (fname, specid) values ('Garry', 4);
insert into FreelancerSpecs (fname, specid) values ('Jere', 10);
insert into FreelancerSpecs (fname, specid) values ('Albert', 6);
insert into FreelancerSpecs (fname, specid) values ('Albert', 10);
insert into FreelancerSpecs (fname, specid) values ('Lynnett', 4);
insert into FreelancerSpecs (fname, specid) values ('Lynnett', 6);

  insert into BidTasks (fname, tid, bidprice) values ('Ame', 3, 1915);
  insert into BidTasks (fname, tid, bidprice) values ('Albert', 10, 980);
  insert into BidTasks (fname, tid, bidprice) values ('Chrotoem', 15, 209);
  insert into BidTasks (fname, tid, bidprice) values ('Chrotoem', 21, 577);
  insert into BidTasks (fname, tid, bidprice) values ('Jere', 7, 1022);
  insert into BidTasks (fname, tid, bidprice) values ('Gina', 21, 892);
  insert into BidTasks (fname, tid, bidprice) values ('Gina', 9, 1506);
  insert into BidTasks (fname, tid, bidprice) values ('Albert', 26, 1600);
  insert into BidTasks (fname, tid, bidprice) values ('Jere', 20, 1624);
  insert into BidTasks (fname, tid, bidprice) values ('Albert', 5, 715);
  insert into BidTasks (fname, tid, bidprice) values ('Ame', 14, 1664);
  insert into BidTasks (fname, tid, bidprice) values ('Ame', 4, 1808);
  insert into BidTasks (fname, tid, bidprice) values ('Jere', 13, 1459);
  insert into BidTasks (fname, tid, bidprice) values ('Lynnett', 22, 1437);
  insert into BidTasks (fname, tid, bidprice) values ('Binni', 19, 666);
  insert into BidTasks (fname, tid, bidprice) values ('Ame', 8, 312);
  insert into BidTasks (fname, tid, bidprice) values ('Albert', 7, 1096);
  insert into BidTasks (fname, tid, bidprice) values ('Jere', 26, 903);
  insert into BidTasks (fname, tid, bidprice) values ('Gina', 20, 539);
  insert into BidTasks (fname, tid, bidprice) values ('Chrotoem', 12, 113);
  insert into BidTasks (fname, tid, bidprice) values ('Binni', 26, 1658);
  insert into BidTasks (fname, tid, bidprice) values ('Ame', 12, 1260);
  insert into BidTasks (fname, tid, bidprice) values ('Ame', 18, 1414);
  insert into BidTasks (fname, tid, bidprice) values ('Garry', 30, 622);
  insert into BidTasks (fname, tid, bidprice) values ('Jere', 26, 1391);
  insert into BidTasks (fname, tid, bidprice) values ('Binni', 2, 119);
  insert into BidTasks (fname, tid, bidprice) values ('Garry', 9, 1369);
  insert into BidTasks (fname, tid, bidprice) values ('Chrotoem', 16, 920);
  insert into BidTasks (fname, tid, bidprice) values ('Ame', 27, 1292);
  insert into BidTasks (fname, tid, bidprice) values ('Gina', 7, 163);
  insert into BidTasks (fname, tid, bidprice) values ('Jere', 4, 642);
  insert into BidTasks (fname, tid, bidprice) values ('Jere', 26, 140);
  insert into BidTasks (fname, tid, bidprice) values ('Lynnett', 17, 1495);
  insert into BidTasks (fname, tid, bidprice) values ('Lynnett', 30, 1948);
  insert into BidTasks (fname, tid, bidprice) values ('Ame', 13, 1804);
  insert into BidTasks (fname, tid, bidprice) values ('Ame', 23, 1203);
  insert into BidTasks (fname, tid, bidprice) values ('Chrotoem', 22, 1261);
  insert into BidTasks (fname, tid, bidprice) values ('Albert', 6, 210);
  insert into BidTasks (fname, tid, bidprice) values ('Chrotoem', 6, 1019);
  insert into BidTasks (fname, tid, bidprice) values ('Gina', 25, 1492);
  insert into BidTasks (fname, tid, bidprice) values ('Lynnett', 5, 578);
  insert into BidTasks (fname, tid, bidprice) values ('Ame', 5, 264);
  insert into BidTasks (fname, tid, bidprice) values ('Lynnett', 21, 1172);
  insert into BidTasks (fname, tid, bidprice) values ('Jere', 20, 671);
  insert into BidTasks (fname, tid, bidprice) values ('Garry', 22, 504);
  insert into BidTasks (fname, tid, bidprice) values ('Garry', 15, 1120);
  insert into BidTasks (fname, tid, bidprice) values ('Garry', 21, 1886);
  insert into BidTasks (fname, tid, bidprice) values ('Binni', 3, 1459);
  insert into BidTasks (fname, tid, bidprice) values ('Ame', 16, 905);
  insert into BidTasks (fname, tid, bidprice) values ('Gina', 13, 1278);
  insert into BidTasks (fname, tid, bidprice) values ('Lynnett', 24, 1013);
  insert into BidTasks (fname, tid, bidprice) values ('Jere', 5, 105);
  insert into BidTasks (fname, tid, bidprice) values ('Albert', 8, 1560);
  insert into BidTasks (fname, tid, bidprice) values ('Chrotoem', 27, 588);
  insert into BidTasks (fname, tid, bidprice) values ('Albert', 18, 103);
  insert into BidTasks (fname, tid, bidprice) values ('Jere', 13, 979);
  insert into BidTasks (fname, tid, bidprice) values ('Lynnett', 19, 1259);
  insert into BidTasks (fname, tid, bidprice) values ('Lynnett', 18, 1930);
  insert into BidTasks (fname, tid, bidprice) values ('Chrotoem', 5, 750);
  insert into BidTasks (fname, tid, bidprice) values ('Chrotoem', 25, 1872);
  insert into BidTasks (fname, tid, bidprice) values ('Gina', 8, 1148);
  insert into BidTasks (fname, tid, bidprice) values ('Binni', 18, 1915);
  insert into BidTasks (fname, tid, bidprice) values ('Albert', 21, 1920);
  insert into BidTasks (fname, tid, bidprice) values ('Gina', 14, 1830);
  insert into BidTasks (fname, tid, bidprice) values ('Garry', 30, 108);
  insert into BidTasks (fname, tid, bidprice) values ('Ame', 4, 726);
  insert into BidTasks (fname, tid, bidprice) values ('Garry', 22, 905);
  insert into BidTasks (fname, tid, bidprice) values ('Binni', 1, 1267);
  insert into BidTasks (fname, tid, bidprice) values ('Jere', 13, 452);
  insert into BidTasks (fname, tid, bidprice) values ('Binni', 22, 1351);
  insert into BidTasks (fname, tid, bidprice) values ('Binni', 30, 1248);
  insert into BidTasks (fname, tid, bidprice) values ('Albert', 30, 660);
  insert into BidTasks (fname, tid, bidprice) values ('Binni', 13, 770);
  insert into BidTasks (fname, tid, bidprice) values ('Jere', 13, 414);
  insert into BidTasks (fname, tid, bidprice) values ('Jere', 5, 345);
  insert into BidTasks (fname, tid, bidprice) values ('Chrotoem', 2, 178);
  insert into BidTasks (fname, tid, bidprice) values ('Albert', 28, 118);
  insert into BidTasks (fname, tid, bidprice) values ('Gina', 11, 819);
  insert into BidTasks (fname, tid, bidprice) values ('Jere', 9, 914);
  insert into BidTasks (fname, tid, bidprice) values ('Chrotoem', 20, 806);
  insert into BidTasks (fname, tid, bidprice) values ('Jere', 19, 1111);
  insert into BidTasks (fname, tid, bidprice) values ('Binni', 10, 1211);
  insert into BidTasks (fname, tid, bidprice) values ('Gina', 23, 795);
  insert into BidTasks (fname, tid, bidprice) values ('Lynnett', 13, 580);
  insert into BidTasks (fname, tid, bidprice) values ('Ame', 7, 716);
  insert into BidTasks (fname, tid, bidprice) values ('Garry', 14, 1602);
  insert into BidTasks (fname, tid, bidprice) values ('Binni', 17, 1224);
  insert into BidTasks (fname, tid, bidprice) values ('Ame', 24, 545);
  insert into BidTasks (fname, tid, bidprice) values ('Albert', 29, 1884);
  insert into BidTasks (fname, tid, bidprice) values ('Binni', 15, 204);
  insert into BidTasks (fname, tid, bidprice) values ('Albert', 20, 498);
  insert into BidTasks (fname, tid, bidprice) values ('Ame', 22, 233);
  insert into BidTasks (fname, tid, bidprice) values ('Lynnett', 21, 338);
  insert into BidTasks (fname, tid, bidprice) values ('Gina', 21, 1388);
  insert into BidTasks (fname, tid, bidprice) values ('Garry', 2, 1386);
  insert into BidTasks (fname, tid, bidprice) values ('Gina', 22, 1227);
  insert into BidTasks (fname, tid, bidprice) values ('Ame', 16, 1177);
  insert into BidTasks (fname, tid, bidprice) values ('Albert', 6, 1721);
  insert into BidTasks (fname, tid, bidprice) values ('Garry', 7, 1166);
  insert into BidTasks (fname, tid, bidprice) values ('Lynnett', 24, 1908);
  insert into BidTasks (fname, tid, bidprice) values ('Gina', 20, 1943);
  insert into BidTasks (fname, tid, bidprice) values ('Binni', 2, 1280);
  insert into BidTasks (fname, tid, bidprice) values ('Gina', 16, 1836);
  insert into BidTasks (fname, tid, bidprice) values ('Chrotoem', 4, 1402);
  insert into BidTasks (fname, tid, bidprice) values ('Gina', 22, 1002);
  insert into BidTasks (fname, tid, bidprice) values ('Jere', 8, 1495);
  insert into BidTasks (fname, tid, bidprice) values ('Gina', 7, 314);
  insert into BidTasks (fname, tid, bidprice) values ('Ame', 26, 226);
  insert into BidTasks (fname, tid, bidprice) values ('Jere', 20, 381);
  insert into BidTasks (fname, tid, bidprice) values ('Ame', 5, 1127);
  insert into BidTasks (fname, tid, bidprice) values ('Chrotoem', 14, 1853);
  insert into BidTasks (fname, tid, bidprice) values ('Jere', 8, 675);
  insert into BidTasks (fname, tid, bidprice) values ('Gina', 21, 1547);
  insert into BidTasks (fname, tid, bidprice) values ('Garry', 13, 728);
  insert into BidTasks (fname, tid, bidprice) values ('Albert', 10, 1247);
  insert into BidTasks (fname, tid, bidprice) values ('Garry', 6, 531);
  insert into BidTasks (fname, tid, bidprice) values ('Binni', 16, 1173);
  insert into BidTasks (fname, tid, bidprice) values ('Lynnett', 18, 733);
  insert into BidTasks (fname, tid, bidprice) values ('Gina', 24, 1997);
  insert into BidTasks (fname, tid, bidprice) values ('Lynnett', 11, 406);
  insert into BidTasks (fname, tid, bidprice) values ('Lynnett', 3, 984);
  insert into BidTasks (fname, tid, bidprice) values ('Lynnett', 28, 591);
  insert into BidTasks (fname, tid, bidprice) values ('Gina', 24, 1920);
  insert into BidTasks (fname, tid, bidprice) values ('Ame', 9, 1318);
  insert into BidTasks (fname, tid, bidprice) values ('Binni', 10, 1794);
  insert into BidTasks (fname, tid, bidprice) values ('Albert', 2, 1712);
  insert into BidTasks (fname, tid, bidprice) values ('Jere', 25, 1805);
  insert into BidTasks (fname, tid, bidprice) values ('Garry', 22, 1968);
  insert into BidTasks (fname, tid, bidprice) values ('Gina', 9, 524);
  insert into BidTasks (fname, tid, bidprice) values ('Chrotoem', 28, 1513);
  insert into BidTasks (fname, tid, bidprice) values ('Chrotoem', 6, 318);
  insert into BidTasks (fname, tid, bidprice) values ('Gina', 1, 1237);
  insert into BidTasks (fname, tid, bidprice) values ('Chrotoem', 25, 1495);
  insert into BidTasks (fname, tid, bidprice) values ('Ame', 16, 404);
  insert into BidTasks (fname, tid, bidprice) values ('Binni', 15, 277);
  insert into BidTasks (fname, tid, bidprice) values ('Albert', 1, 1643);
  insert into BidTasks (fname, tid, bidprice) values ('Garry', 16, 1424);
  insert into BidTasks (fname, tid, bidprice) values ('Ame', 9, 1699);
  insert into BidTasks (fname, tid, bidprice) values ('Albert', 10, 841);
  insert into BidTasks (fname, tid, bidprice) values ('Gina', 4, 353);
  insert into BidTasks (fname, tid, bidprice) values ('Albert', 17, 350);
  insert into BidTasks (fname, tid, bidprice) values ('Chrotoem', 28, 1672);
  insert into BidTasks (fname, tid, bidprice) values ('Chrotoem', 25, 877);
  insert into BidTasks (fname, tid, bidprice) values ('Gina', 20, 1689);
  insert into BidTasks (fname, tid, bidprice) values ('Jere', 13, 874);
  insert into BidTasks (fname, tid, bidprice) values ('Binni', 16, 1460);
  insert into BidTasks (fname, tid, bidprice) values ('Lynnett', 19, 1923);
  insert into BidTasks (fname, tid, bidprice) values ('Chrotoem', 10, 1729);
  insert into BidTasks (fname, tid, bidprice) values ('Jere', 11, 1025);
  insert into BidTasks (fname, tid, bidprice) values ('Jere', 3, 1560);
  insert into BidTasks (fname, tid, bidprice) values ('Chrotoem', 21, 1754);
  insert into BidTasks (fname, tid, bidprice) values ('Garry', 12, 1779);
  insert into BidTasks (fname, tid, bidprice) values ('Jere', 13, 486);
  insert into BidTasks (fname, tid, bidprice) values ('Binni', 8, 1910);
  insert into BidTasks (fname, tid, bidprice) values ('Gina', 27, 913);
  insert into BidTasks (fname, tid, bidprice) values ('Chrotoem', 21, 538);
  insert into BidTasks (fname, tid, bidprice) values ('Ame', 16, 776);
  insert into BidTasks (fname, tid, bidprice) values ('Jere', 12, 527);
  insert into BidTasks (fname, tid, bidprice) values ('Lynnett', 29, 1649);
  insert into BidTasks (fname, tid, bidprice) values ('Ame', 12, 196);
  insert into BidTasks (fname, tid, bidprice) values ('Albert', 27, 596);
  insert into BidTasks (fname, tid, bidprice) values ('Albert', 18, 1902);
  insert into BidTasks (fname, tid, bidprice) values ('Binni', 19, 275);
  insert into BidTasks (fname, tid, bidprice) values ('Lynnett', 3, 420);
  insert into BidTasks (fname, tid, bidprice) values ('Jere', 13, 112);
  insert into BidTasks (fname, tid, bidprice) values ('Jere', 5, 173);
  insert into BidTasks (fname, tid, bidprice) values ('Albert', 21, 1866);
  insert into BidTasks (fname, tid, bidprice) values ('Jere', 27, 164);
  insert into BidTasks (fname, tid, bidprice) values ('Albert', 17, 626);
  insert into BidTasks (fname, tid, bidprice) values ('Jere', 19, 258);
  insert into BidTasks (fname, tid, bidprice) values ('Chrotoem', 29, 1294);
  insert into BidTasks (fname, tid, bidprice) values ('Garry', 4, 1873);
  insert into BidTasks (fname, tid, bidprice) values ('Ame', 27, 658);
  insert into BidTasks (fname, tid, bidprice) values ('Jere', 7, 217);
  insert into BidTasks (fname, tid, bidprice) values ('Ame', 6, 963);
  insert into BidTasks (fname, tid, bidprice) values ('Garry', 30, 460);
  insert into BidTasks (fname, tid, bidprice) values ('Jere', 14, 1024);
  insert into BidTasks (fname, tid, bidprice) values ('Chrotoem', 23, 528);
  insert into BidTasks (fname, tid, bidprice) values ('Chrotoem', 8, 1119);
  insert into BidTasks (fname, tid, bidprice) values ('Lynnett', 30, 1471);
  insert into BidTasks (fname, tid, bidprice) values ('Garry', 9, 1618);
  insert into BidTasks (fname, tid, bidprice) values ('Ame', 16, 1304);
  insert into BidTasks (fname, tid, bidprice) values ('Albert', 9, 1105);
  insert into BidTasks (fname, tid, bidprice) values ('Gina', 29, 1176);
  insert into BidTasks (fname, tid, bidprice) values ('Albert', 12, 1428);
  insert into BidTasks (fname, tid, bidprice) values ('Ame', 14, 675);
  insert into BidTasks (fname, tid, bidprice) values ('Albert', 19, 228);
  insert into BidTasks (fname, tid, bidprice) values ('Gina', 4, 1748);
  insert into BidTasks (fname, tid, bidprice) values ('Gina', 30, 528);
  insert into BidTasks (fname, tid, bidprice) values ('Binni', 18, 1717);
  insert into BidTasks (fname, tid, bidprice) values ('Gina', 3, 100);
  insert into BidTasks (fname, tid, bidprice) values ('Chrotoem', 20, 1998);
  insert into BidTasks (fname, tid, bidprice) values ('Ame', 5, 1236);
  insert into BidTasks (fname, tid, bidprice) values ('Jere', 4, 683);
  insert into BidTasks (fname, tid, bidprice) values ('Jere', 21, 977);
  insert into BidTasks (fname, tid, bidprice) values ('Garry', 28, 185);
  insert into BidTasks (fname, tid, bidprice) values ('Lynnett', 23, 290);
  insert into BidTasks (fname, tid, bidprice) values ('Chrotoem', 13, 127);
  insert into BidTasks (fname, tid, bidprice) values ('Albert', 23, 1136);
  insert into BidTasks (fname, tid, bidprice) values ('Chrotoem', 18, 1136);
  insert into BidTasks (fname, tid, bidprice) values ('Gina', 18, 510);
  insert into BidTasks (fname, tid, bidprice) values ('Lynnett', 18, 298);
  insert into BidTasks (fname, tid, bidprice) values ('Jere', 15, 1397);
  insert into BidTasks (fname, tid, bidprice) values ('Chrotoem', 5, 404);
  insert into BidTasks (fname, tid, bidprice) values ('Garry', 5, 1313);
  insert into BidTasks (fname, tid, bidprice) values ('Lynnett', 26, 1985);
  insert into BidTasks (fname, tid, bidprice) values ('Lynnett', 15, 474);
  insert into BidTasks (fname, tid, bidprice) values ('Garry', 5, 759);
  insert into BidTasks (fname, tid, bidprice) values ('Binni', 26, 372);
  insert into BidTasks (fname, tid, bidprice) values ('Ame', 13, 1119);
  insert into BidTasks (fname, tid, bidprice) values ('Lynnett', 18, 107);
  insert into BidTasks (fname, tid, bidprice) values ('Albert', 29, 573);
  insert into BidTasks (fname, tid, bidprice) values ('Garry', 1, 1742);
  insert into BidTasks (fname, tid, bidprice) values ('Lynnett', 23, 1288);
  insert into BidTasks (fname, tid, bidprice) values ('Gina', 6, 629);
  insert into BidTasks (fname, tid, bidprice) values ('Garry', 24, 1044);
  insert into BidTasks (fname, tid, bidprice) values ('Jere', 28, 208);
  insert into BidTasks (fname, tid, bidprice) values ('Jere', 10, 671);
  insert into BidTasks (fname, tid, bidprice) values ('Garry', 15, 982);
  insert into BidTasks (fname, tid, bidprice) values ('Ame', 18, 706);
  insert into BidTasks (fname, tid, bidprice) values ('Garry', 29, 1118);
  insert into BidTasks (fname, tid, bidprice) values ('Albert', 4, 903);
  insert into BidTasks (fname, tid, bidprice) values ('Gina', 13, 254);
  insert into BidTasks (fname, tid, bidprice) values ('Garry', 30, 1053);
  insert into BidTasks (fname, tid, bidprice) values ('Jere', 20, 1800);
  insert into BidTasks (fname, tid, bidprice) values ('Lynnett', 2, 1886);
  insert into BidTasks (fname, tid, bidprice) values ('Lynnett', 13, 1327);
  insert into BidTasks (fname, tid, bidprice) values ('Chrotoem', 2, 962);
  insert into BidTasks (fname, tid, bidprice) values ('Albert', 8, 1046);
  insert into BidTasks (fname, tid, bidprice) values ('Jere', 4, 1423);
  insert into BidTasks (fname, tid, bidprice) values ('Lynnett', 29, 1483);
  insert into BidTasks (fname, tid, bidprice) values ('Binni', 3, 667);
  insert into BidTasks (fname, tid, bidprice) values ('Albert', 24, 153);
  insert into BidTasks (fname, tid, bidprice) values ('Jere', 2, 781);
  insert into BidTasks (fname, tid, bidprice) values ('Ame', 23, 1130);
  insert into BidTasks (fname, tid, bidprice) values ('Lynnett', 14, 1679);
  insert into BidTasks (fname, tid, bidprice) values ('Jere', 9, 134);
  insert into BidTasks (fname, tid, bidprice) values ('Gina', 15, 535);
  insert into BidTasks (fname, tid, bidprice) values ('Jere', 26, 356);
  insert into BidTasks (fname, tid, bidprice) values ('Jere', 30, 1735);
  insert into BidTasks (fname, tid, bidprice) values ('Gina', 21, 583);
  insert into BidTasks (fname, tid, bidprice) values ('Lynnett', 9, 1262);
  insert into BidTasks (fname, tid, bidprice) values ('Gina', 18, 1895);
  insert into BidTasks (fname, tid, bidprice) values ('Chrotoem', 16, 719);
  insert into BidTasks (fname, tid, bidprice) values ('Lynnett', 9, 1451);
  insert into BidTasks (fname, tid, bidprice) values ('Gina', 2, 1204);
  insert into BidTasks (fname, tid, bidprice) values ('Gina', 22, 844);
  insert into BidTasks (fname, tid, bidprice) values ('Binni', 30, 128);
  insert into BidTasks (fname, tid, bidprice) values ('Ame', 17, 342);
  insert into BidTasks (fname, tid, bidprice) values ('Garry', 5, 562);
  insert into BidTasks (fname, tid, bidprice) values ('Binni', 19, 1222);
  insert into BidTasks (fname, tid, bidprice) values ('Albert', 22, 1710);
  insert into BidTasks (fname, tid, bidprice) values ('Lynnett', 11, 1055);
  insert into BidTasks (fname, tid, bidprice) values ('Chrotoem', 27, 1206);
  insert into BidTasks (fname, tid, bidprice) values ('Binni', 12, 1305);
  insert into BidTasks (fname, tid, bidprice) values ('Albert', 26, 1836);
  insert into BidTasks (fname, tid, bidprice) values ('Binni', 7, 840);
  insert into BidTasks (fname, tid, bidprice) values ('Jere', 8, 1893);
  insert into BidTasks (fname, tid, bidprice) values ('Gina', 2, 1676);
  insert into BidTasks (fname, tid, bidprice) values ('Jere', 16, 1211);
  insert into BidTasks (fname, tid, bidprice) values ('Ame', 1, 1222);
  insert into BidTasks (fname, tid, bidprice) values ('Chrotoem', 15, 1714);
  insert into BidTasks (fname, tid, bidprice) values ('Chrotoem', 5, 1863);
  insert into BidTasks (fname, tid, bidprice) values ('Ame', 23, 1670);
  insert into BidTasks (fname, tid, bidprice) values ('Albert', 11, 1107);
  insert into BidTasks (fname, tid, bidprice) values ('Ame', 11, 339);
  insert into BidTasks (fname, tid, bidprice) values ('Lynnett', 11, 1457);
  insert into BidTasks (fname, tid, bidprice) values ('Garry', 3, 1261);
  insert into BidTasks (fname, tid, bidprice) values ('Ame', 11, 1798);
  insert into BidTasks (fname, tid, bidprice) values ('Jere', 8, 1554);
  insert into BidTasks (fname, tid, bidprice) values ('Chrotoem', 27, 1747);
  insert into BidTasks (fname, tid, bidprice) values ('Albert', 23, 462);
  insert into BidTasks (fname, tid, bidprice) values ('Garry', 16, 1312);
  insert into BidTasks (fname, tid, bidprice) values ('Lynnett', 25, 1686);
  insert into BidTasks (fname, tid, bidprice) values ('Binni', 8, 539);
  insert into BidTasks (fname, tid, bidprice) values ('Albert', 1, 1119);
  insert into BidTasks (fname, tid, bidprice) values ('Ame', 20, 1277);
  insert into BidTasks (fname, tid, bidprice) values ('Binni', 5, 866);
  insert into BidTasks (fname, tid, bidprice) values ('Chrotoem', 25, 1001);
  insert into BidTasks (fname, tid, bidprice) values ('Jere', 4, 113);
  insert into BidTasks (fname, tid, bidprice) values ('Albert', 23, 597);
  insert into BidTasks (fname, tid, bidprice) values ('Chrotoem', 17, 608);
  insert into BidTasks (fname, tid, bidprice) values ('Lynnett', 18, 733);
  insert into BidTasks (fname, tid, bidprice) values ('Jere', 5, 1558);
  insert into BidTasks (fname, tid, bidprice) values ('Albert', 15, 1201);
  insert into BidTasks (fname, tid, bidprice) values ('Binni', 14, 1208);
  insert into BidTasks (fname, tid, bidprice) values ('Binni', 25, 837);
  insert into BidTasks (fname, tid, bidprice) values ('Albert', 2, 1431);
  insert into BidTasks (fname, tid, bidprice) values ('Lynnett', 14, 163);
  insert into BidTasks (fname, tid, bidprice) values ('Chrotoem', 14, 175);
  insert into BidTasks (fname, tid, bidprice) values ('Ame', 1, 1470);
  insert into BidTasks (fname, tid, bidprice) values ('Garry', 13, 295);
  insert into BidTasks (fname, tid, bidprice) values ('Gina', 7, 355);
  insert into BidTasks (fname, tid, bidprice) values ('Jere', 10, 253);
  insert into BidTasks (fname, tid, bidprice) values ('Gina', 10, 458);
  insert into BidTasks (fname, tid, bidprice) values ('Garry', 2, 632);
  insert into BidTasks (fname, tid, bidprice) values ('Gina', 15, 1941);
  insert into BidTasks (fname, tid, bidprice) values ('Jere', 9, 1331);
  insert into BidTasks (fname, tid, bidprice) values ('Jere', 4, 343);
  insert into BidTasks (fname, tid, bidprice) values ('Jere', 9, 1382);
  insert into BidTasks (fname, tid, bidprice) values ('Albert', 14, 1910);
  insert into BidTasks (fname, tid, bidprice) values ('Garry', 15, 827);
  insert into BidTasks (fname, tid, bidprice) values ('Albert', 21, 1119);
  insert into BidTasks (fname, tid, bidprice) values ('Gina', 23, 439);
  insert into BidTasks (fname, tid, bidprice) values ('Lynnett', 21, 788);
  insert into BidTasks (fname, tid, bidprice) values ('Albert', 18, 1559);
  insert into BidTasks (fname, tid, bidprice) values ('Binni', 21, 237);
  insert into BidTasks (fname, tid, bidprice) values ('Gina', 5, 1151);
  insert into BidTasks (fname, tid, bidprice) values ('Chrotoem', 15, 237);
  insert into BidTasks (fname, tid, bidprice) values ('Binni', 20, 1967);
  insert into BidTasks (fname, tid, bidprice) values ('Ame', 7, 1552);
  insert into BidTasks (fname, tid, bidprice) values ('Ame', 17, 1939);
  insert into BidTasks (fname, tid, bidprice) values ('Garry', 10, 1334);
  insert into BidTasks (fname, tid, bidprice) values ('Lynnett', 18, 890);
  insert into BidTasks (fname, tid, bidprice) values ('Binni', 29, 1654);
  insert into BidTasks (fname, tid, bidprice) values ('Albert', 14, 875);
  insert into BidTasks (fname, tid, bidprice) values ('Albert', 30, 920);
  insert into BidTasks (fname, tid, bidprice) values ('Gina', 25, 701);
  insert into BidTasks (fname, tid, bidprice) values ('Lynnett', 3, 1662);
  insert into BidTasks (fname, tid, bidprice) values ('Ame', 3, 280);
  insert into BidTasks (fname, tid, bidprice) values ('Albert', 26, 1777);
  insert into BidTasks (fname, tid, bidprice) values ('Garry', 18, 366);
  insert into BidTasks (fname, tid, bidprice) values ('Chrotoem', 24, 385);
  insert into BidTasks (fname, tid, bidprice) values ('Chrotoem', 19, 1777);
  insert into BidTasks (fname, tid, bidprice) values ('Binni', 17, 161);
  insert into BidTasks (fname, tid, bidprice) values ('Lynnett', 10, 1855);
  insert into BidTasks (fname, tid, bidprice) values ('Binni', 24, 996);
  insert into BidTasks (fname, tid, bidprice) values ('Ame', 13, 623);
  insert into BidTasks (fname, tid, bidprice) values ('Binni', 20, 1384);
  insert into BidTasks (fname, tid, bidprice) values ('Chrotoem', 3, 159);
  insert into BidTasks (fname, tid, bidprice) values ('Garry', 6, 318);
  insert into BidTasks (fname, tid, bidprice) values ('Garry', 12, 384);
  insert into BidTasks (fname, tid, bidprice) values ('Lynnett', 15, 1769);
  insert into BidTasks (fname, tid, bidprice) values ('Jere', 15, 1707);
  insert into BidTasks (fname, tid, bidprice) values ('Lynnett', 28, 376);
  insert into BidTasks (fname, tid, bidprice) values ('Chrotoem', 30, 1171);
  insert into BidTasks (fname, tid, bidprice) values ('Ame', 9, 850);
  insert into BidTasks (fname, tid, bidprice) values ('Garry', 15, 391);
  insert into BidTasks (fname, tid, bidprice) values ('Garry', 29, 1151);
  insert into BidTasks (fname, tid, bidprice) values ('Albert', 18, 1759);
  insert into BidTasks (fname, tid, bidprice) values ('Garry', 9, 1151);
  insert into BidTasks (fname, tid, bidprice) values ('Chrotoem', 13, 102);
  insert into BidTasks (fname, tid, bidprice) values ('Binni', 10, 129);
  insert into BidTasks (fname, tid, bidprice) values ('Ame', 20, 375);
  insert into BidTasks (fname, tid, bidprice) values ('Gina', 22, 1658);
  insert into BidTasks (fname, tid, bidprice) values ('Albert', 24, 355);
  insert into BidTasks (fname, tid, bidprice) values ('Ame', 26, 375);
  insert into BidTasks (fname, tid, bidprice) values ('Jere', 20, 1553);
  insert into BidTasks (fname, tid, bidprice) values ('Binni', 3, 1663);
  insert into BidTasks (fname, tid, bidprice) values ('Jere', 21, 1324);
  insert into BidTasks (fname, tid, bidprice) values ('Ame', 21, 585);
  insert into BidTasks (fname, tid, bidprice) values ('Albert', 22, 982);
  insert into BidTasks (fname, tid, bidprice) values ('Lynnett', 28, 793);
  insert into BidTasks (fname, tid, bidprice) values ('Jere', 25, 1683);
  insert into BidTasks (fname, tid, bidprice) values ('Ame', 12, 1681);
  insert into BidTasks (fname, tid, bidprice) values ('Binni', 10, 200);
  insert into BidTasks (fname, tid, bidprice) values ('Albert', 22, 204);
  insert into BidTasks (fname, tid, bidprice) values ('Ame', 14, 1446);
  insert into BidTasks (fname, tid, bidprice) values ('Lynnett', 23, 123);
  insert into BidTasks (fname, tid, bidprice) values ('Jere', 1, 1439);
  insert into BidTasks (fname, tid, bidprice) values ('Jere', 9, 1779);
  insert into BidTasks (fname, tid, bidprice) values ('Lynnett', 23, 1397);
  insert into BidTasks (fname, tid, bidprice) values ('Gina', 6, 1353);
  insert into BidTasks (fname, tid, bidprice) values ('Jere', 22, 642);
  insert into BidTasks (fname, tid, bidprice) values ('Gina', 28, 1820);
  insert into BidTasks (fname, tid, bidprice) values ('Gina', 7, 843);
  insert into BidTasks (fname, tid, bidprice) values ('Chrotoem', 10, 1017);
  insert into BidTasks (fname, tid, bidprice) values ('Jere', 2, 447);
  insert into BidTasks (fname, tid, bidprice) values ('Garry', 13, 104);
  insert into BidTasks (fname, tid, bidprice) values ('Albert', 9, 1531);
  insert into BidTasks (fname, tid, bidprice) values ('Lynnett', 20, 573);
  insert into BidTasks (fname, tid, bidprice) values ('Albert', 10, 911);
  insert into BidTasks (fname, tid, bidprice) values ('Albert', 12, 348);
  insert into BidTasks (fname, tid, bidprice) values ('Gina', 25, 1401);
  insert into BidTasks (fname, tid, bidprice) values ('Garry', 28, 1465);
  insert into BidTasks (fname, tid, bidprice) values ('Chrotoem', 21, 1382);
  insert into BidTasks (fname, tid, bidprice) values ('Binni', 4, 305);
  insert into BidTasks (fname, tid, bidprice) values ('Chrotoem', 12, 968);
  insert into BidTasks (fname, tid, bidprice) values ('Chrotoem', 10, 1581);
  insert into BidTasks (fname, tid, bidprice) values ('Binni', 22, 776);
  insert into BidTasks (fname, tid, bidprice) values ('Gina', 21, 686);
  insert into BidTasks (fname, tid, bidprice) values ('Ame', 7, 1663);
  insert into BidTasks (fname, tid, bidprice) values ('Albert', 12, 1321);
  insert into BidTasks (fname, tid, bidprice) values ('Binni', 26, 1998);
  insert into BidTasks (fname, tid, bidprice) values ('Chrotoem', 2, 1518);
  insert into BidTasks (fname, tid, bidprice) values ('Chrotoem', 25, 513);
  insert into BidTasks (fname, tid, bidprice) values ('Ame', 12, 878);
  insert into BidTasks (fname, tid, bidprice) values ('Binni', 18, 706);
  insert into BidTasks (fname, tid, bidprice) values ('Binni', 4, 1451);
  insert into BidTasks (fname, tid, bidprice) values ('Ame', 10, 1612);
  insert into BidTasks (fname, tid, bidprice) values ('Ame', 27, 1782);
  insert into BidTasks (fname, tid, bidprice) values ('Ame', 5, 1612);
  insert into BidTasks (fname, tid, bidprice) values ('Lynnett', 30, 1596);
  insert into BidTasks (fname, tid, bidprice) values ('Ame', 19, 883);
  insert into BidTasks (fname, tid, bidprice) values ('Albert', 15, 1055);
  insert into BidTasks (fname, tid, bidprice) values ('Ame', 16, 716);
  insert into BidTasks (fname, tid, bidprice) values ('Garry', 19, 1127);
  insert into BidTasks (fname, tid, bidprice) values ('Lynnett', 24, 1697);
  insert into BidTasks (fname, tid, bidprice) values ('Ame', 8, 1783);
  insert into BidTasks (fname, tid, bidprice) values ('Albert', 21, 1996);
  insert into BidTasks (fname, tid, bidprice) values ('Albert', 29, 1994);
  insert into BidTasks (fname, tid, bidprice) values ('Binni', 25, 979);
  insert into BidTasks (fname, tid, bidprice) values ('Garry', 6, 880);
  insert into BidTasks (fname, tid, bidprice) values ('Ame', 14, 175);
  insert into BidTasks (fname, tid, bidprice) values ('Albert', 10, 670);
  insert into BidTasks (fname, tid, bidprice) values ('Ame', 29, 1893);
  insert into BidTasks (fname, tid, bidprice) values ('Gina', 3, 1876);
  insert into BidTasks (fname, tid, bidprice) values ('Jere', 25, 1009);
  insert into BidTasks (fname, tid, bidprice) values ('Gina', 7, 569);
  insert into BidTasks (fname, tid, bidprice) values ('Chrotoem', 28, 1849);
  insert into BidTasks (fname, tid, bidprice) values ('Binni', 25, 570);
  insert into BidTasks (fname, tid, bidprice) values ('Chrotoem', 26, 611);
  insert into BidTasks (fname, tid, bidprice) values ('Lynnett', 4, 1355);
  insert into BidTasks (fname, tid, bidprice) values ('Albert', 16, 1571);
  insert into BidTasks (fname, tid, bidprice) values ('Binni', 24, 490);
  insert into BidTasks (fname, tid, bidprice) values ('Chrotoem', 8, 199);
  insert into BidTasks (fname, tid, bidprice) values ('Gina', 29, 462);
  insert into BidTasks (fname, tid, bidprice) values ('Jere', 21, 295);
  insert into BidTasks (fname, tid, bidprice) values ('Albert', 30, 910);
  insert into BidTasks (fname, tid, bidprice) values ('Gina', 11, 780);
  insert into BidTasks (fname, tid, bidprice) values ('Ame', 17, 236);
  insert into BidTasks (fname, tid, bidprice) values ('Lynnett', 15, 142);
  insert into BidTasks (fname, tid, bidprice) values ('Albert', 5, 1946);
  insert into BidTasks (fname, tid, bidprice) values ('Chrotoem', 15, 1194);
  insert into BidTasks (fname, tid, bidprice) values ('Binni', 25, 1857);
  insert into BidTasks (fname, tid, bidprice) values ('Garry', 11, 1955);
  insert into BidTasks (fname, tid, bidprice) values ('Jere', 12, 556);
  insert into BidTasks (fname, tid, bidprice) values ('Ame', 14, 1452);
  insert into BidTasks (fname, tid, bidprice) values ('Binni', 27, 643);
  insert into BidTasks (fname, tid, bidprice) values ('Gina', 24, 1763);
  insert into BidTasks (fname, tid, bidprice) values ('Jere', 5, 369);
  insert into BidTasks (fname, tid, bidprice) values ('Lynnett', 20, 1108);
  insert into BidTasks (fname, tid, bidprice) values ('Binni', 30, 1791);
  insert into BidTasks (fname, tid, bidprice) values ('Jere', 3, 1752);
  insert into BidTasks (fname, tid, bidprice) values ('Lynnett', 2, 202);
  insert into BidTasks (fname, tid, bidprice) values ('Chrotoem', 9, 963);
  insert into BidTasks (fname, tid, bidprice) values ('Garry', 11, 1134);
  insert into BidTasks (fname, tid, bidprice) values ('Garry', 19, 886);
  insert into BidTasks (fname, tid, bidprice) values ('Chrotoem', 24, 1779);
  insert into BidTasks (fname, tid, bidprice) values ('Lynnett', 30, 1325);
  insert into BidTasks (fname, tid, bidprice) values ('Binni', 24, 1321);
  insert into BidTasks (fname, tid, bidprice) values ('Ame', 19, 924);
  insert into BidTasks (fname, tid, bidprice) values ('Binni', 15, 1829);
  insert into BidTasks (fname, tid, bidprice) values ('Chrotoem', 12, 399);
  insert into BidTasks (fname, tid, bidprice) values ('Lynnett', 28, 896);
  insert into BidTasks (fname, tid, bidprice) values ('Jere', 13, 783);
  insert into BidTasks (fname, tid, bidprice) values ('Binni', 15, 138);
  insert into BidTasks (fname, tid, bidprice) values ('Albert', 13, 644);
  insert into BidTasks (fname, tid, bidprice) values ('Garry', 13, 1951);
  insert into BidTasks (fname, tid, bidprice) values ('Ame', 28, 1683);
  insert into BidTasks (fname, tid, bidprice) values ('Ame', 22, 457);
  insert into BidTasks (fname, tid, bidprice) values ('Gina', 3, 729);
  insert into BidTasks (fname, tid, bidprice) values ('Lynnett', 14, 1893);
  insert into BidTasks (fname, tid, bidprice) values ('Ame', 20, 1116);
  insert into BidTasks (fname, tid, bidprice) values ('Ame', 2, 517);
  insert into BidTasks (fname, tid, bidprice) values ('Gina', 9, 1167);
  insert into BidTasks (fname, tid, bidprice) values ('Jere', 1, 1301);
  insert into BidTasks (fname, tid, bidprice) values ('Binni', 10, 1517);
  insert into BidTasks (fname, tid, bidprice) values ('Gina', 14, 421);
  insert into BidTasks (fname, tid, bidprice) values ('Chrotoem', 3, 1740);
  insert into BidTasks (fname, tid, bidprice) values ('Garry', 8, 599);
  insert into BidTasks (fname, tid, bidprice) values ('Albert', 2, 1692);
  insert into BidTasks (fname, tid, bidprice) values ('Gina', 20, 1593);
  insert into BidTasks (fname, tid, bidprice) values ('Ame', 6, 1003);
  insert into BidTasks (fname, tid, bidprice) values ('Lynnett', 8, 1889);
  insert into BidTasks (fname, tid, bidprice) values ('Lynnett', 27, 1637);
  insert into BidTasks (fname, tid, bidprice) values ('Ame', 19, 384);
  insert into BidTasks (fname, tid, bidprice) values ('Binni', 3, 887);
  insert into BidTasks (fname, tid, bidprice) values ('Jere', 2, 1350);
  insert into BidTasks (fname, tid, bidprice) values ('Chrotoem', 27, 1015);
  insert into BidTasks (fname, tid, bidprice) values ('Jere', 10, 1637);
  insert into BidTasks (fname, tid, bidprice) values ('Ame', 24, 386);
  insert into BidTasks (fname, tid, bidprice) values ('Lynnett', 2, 1274);
  insert into BidTasks (fname, tid, bidprice) values ('Ame', 20, 1292);
  insert into BidTasks (fname, tid, bidprice) values ('Chrotoem', 28, 412);
  insert into BidTasks (fname, tid, bidprice) values ('Garry', 29, 1290);
  insert into BidTasks (fname, tid, bidprice) values ('Binni', 6, 1418);
  insert into BidTasks (fname, tid, bidprice) values ('Jere', 11, 1802);
  insert into BidTasks (fname, tid, bidprice) values ('Gina', 24, 1481);
  insert into BidTasks (fname, tid, bidprice) values ('Gina', 28, 799);
  insert into BidTasks (fname, tid, bidprice) values ('Ame', 5, 310);
  insert into BidTasks (fname, tid, bidprice) values ('Binni', 3, 320);
  insert into BidTasks (fname, tid, bidprice) values ('Albert', 29, 1607);
  insert into BidTasks (fname, tid, bidprice) values ('Garry', 1, 764);
  insert into BidTasks (fname, tid, bidprice) values ('Jere', 18, 343);
  insert into BidTasks (fname, tid, bidprice) values ('Gina', 16, 761);
  insert into BidTasks (fname, tid, bidprice) values ('Chrotoem', 20, 1193);
  insert into BidTasks (fname, tid, bidprice) values ('Lynnett', 8, 312);
  insert into BidTasks (fname, tid, bidprice) values ('Binni', 26, 1522);
  insert into BidTasks (fname, tid, bidprice) values ('Gina', 12, 130);
  insert into BidTasks (fname, tid, bidprice) values ('Ame', 22, 528);
  insert into BidTasks (fname, tid, bidprice) values ('Garry', 15, 1362);
  insert into BidTasks (fname, tid, bidprice) values ('Ame', 14, 1808);
  insert into BidTasks (fname, tid, bidprice) values ('Gina', 3, 1334);
  insert into BidTasks (fname, tid, bidprice) values ('Chrotoem', 27, 1754);
  insert into BidTasks (fname, tid, bidprice) values ('Chrotoem', 27, 1416);
  insert into BidTasks (fname, tid, bidprice) values ('Gina', 10, 324);
  insert into BidTasks (fname, tid, bidprice) values ('Albert', 28, 676);
  insert into BidTasks (fname, tid, bidprice) values ('Lynnett', 22, 586);
  insert into BidTasks (fname, tid, bidprice) values ('Lynnett', 12, 1564);
